mp_id,name,platform,handle
89156,Ziad Aboultaif,facebook,ziad4manning
89156,Ziad Aboultaif,website,http://ziadaboultaif.ca/
123092,Sima Acan,bluesky,simaacan.bsky.social
72029,Dan Albas,x,DanAlbas
72029,Dan Albas,facebook,DanAlbas4COSN
72029,Dan Albas,instagram,mpdanalbas
72029,Dan Albas,website,http://www.danalbas.com/
25446,Dean Allison,x,DeanAllisonMP
25446,Dean Allison,facebook,dean.allison.946
25446,Dean Allison,website,https://www.deanallison.ca/cms/
123675,Rebecca Alty,facebook,votealty
123675,Rebecca Alty,instagram,ralty2018
96081,Anita Anand,facebook,AnitaOakville
96081,Anita Anand,instagram,anitaanandmp
96081,Anita Anand,website,https://www.mpanitaanand.ca
89449,Gary Anandasangaree,x,gary_srp
89449,Gary Anandasangaree,facebook,garyforsrp
89449,Gary Anandasangaree,instagram,gary_srp
89449,Gary Anandasangaree,website,https://garyanand.liberal.ca/
89294,Mel Arnold,facebook,MelArnoldMP
89294,Mel Arnold,website,http://melarnold.ca/
122753,Tatiana Auguste,instagram,tatianapourterrebonne
123276,Roman Baber,x,Roman_Baber
105121,Yvan Baker,x,Yvan_Baker
105121,Yvan Baker,facebook,yvanbaker
105121,Yvan Baker,instagram,yvan_baker
105121,Yvan Baker,youtube,UCsaWvEAOMd0r6UmlixXzuhw
86261,John Barlow,x,johnbarlowmp
86261,John Barlow,x,JohnBarlowMP
86261,John Barlow,facebook,johnbarlowmp
86261,John Barlow,website,http://johnbarlowmp.ca/
376,Mario Beaulieu,x,Mario_Beaulieu
376,Mario Beaulieu,facebook,mariobeaulieu101
376,Mario Beaulieu,youtube,UCcM3qHuwuWKuV6qrvwWRS4w
89236,Terry Beech,x,terrybeech
89236,Terry Beech,facebook,terryjamesbeech
89236,Terry Beech,instagram,terryjamesbeech
89236,Terry Beech,website,http://terrybeechmp.ca/
141713,Doly Begum,x,DolyBegum
88541,Luc Berthold,x,LucBerthold
25475,James Bezan,x,jamesbezan
25475,James Bezan,facebook,jamesbezan
25475,James Bezan,website,http://jamesbezan.com/
88934,Chris Bittle,x,Chris_Bittle
88934,Chris Bittle,facebook,ChrisBittleMP
88934,Chris Bittle,instagram,bittlec
88934,Chris Bittle,website,http://cbittle.liberal.ca/
104669,Yves-François Blanchet,x,yfblanchet
104669,Yves-François Blanchet,facebook,yfblanchet
104669,Yves-François Blanchet,instagram,yfblanchetbq
104705,Maxime Blanchette-Joncas,bluesky,mbjdepute.bsky.social
59156,Kelly Block,x,KellyBlockmp
59156,Kelly Block,facebook,kellyblockmp
59156,Kelly Block,website,http://www.kellyblock.ca/
104555,Kody Blois,x,KodyBloisNS
104555,Kody Blois,facebook,KodyBloisNS
104555,Kody Blois,instagram,kodybloisns
104555,Kody Blois,youtube,UCra38YD2r9eAjyQSXKLZCeg
88674,John Brassard,x,JohnBrassardCPC
88674,John Brassard,facebook,JohnBrassardCPC
88674,John Brassard,instagram,johnbrassardcpc
88674,John Brassard,website,http://johnbrassard.com/
104786,Alexis Brunelle-Duceppe,x,Alduceppe
35897,Blaine Calkins,instagram,blainecalkins
35897,Blaine Calkins,website,https://blainecalkinsmp.ca/
111007,Frank Caputo,x,FrankCaputoKTN
111007,Frank Caputo,instagram,_frankcaputo
28286,Mark Carney,x,MarkJCarney
28286,Mark Carney,facebook,MarkJCarney2025
28286,Mark Carney,instagram,markjcarney
28286,Mark Carney,youtube,UC1zjxtA66v1z64-AUNvmldA
28286,Mark Carney,bluesky,mark-carney.bsky.social
115744,Ben Carr,bluesky,bencarrwpg.bsky.social
115744,Ben Carr,website,https://bencarr.liberal.ca/fr/
71270,Sean Casey,x,SeanCaseyLPC
71270,Sean Casey,facebook,SeanCaseyCharlottetown
71270,Sean Casey,instagram,seancaseymp
71270,Sean Casey,website,http://scasey.liberal.ca/
89000,Bardish Chagger,x,BardishKW
89000,Bardish Chagger,facebook,bardish.chagger
89000,Bardish Chagger,website,http://bardishchaggermp.ca/
88633,François-Philippe Champagne,x,FP_Champagne
88633,François-Philippe Champagne,facebook,FrancoisPhilippeChampagne
88633,François-Philippe Champagne,instagram,fp_champagne
88633,François-Philippe Champagne,website,http://fpchampagne.liberal.ca/en/
122899,Maggie Chi,instagram,maggiechidvn
25488,Michael Chong,x,MichaelChongMP
25488,Michael Chong,website,https://michaelchong.ca/
89219,Michael Cooper,x,Cooper4SAE
89219,Michael Cooper,facebook,michaelcooper4stalbertedmonton
89219,Michael Cooper,instagram,michaelcoopermp
89219,Michael Cooper,website,http://michaelcoopermp.ca/
88350,Serge Cormier,facebook,serge.cormier.MP
88350,Serge Cormier,website,http://scormier.liberal.ca/
110373,Michael Coteau,x,coteau
110373,Michael Coteau,website,https://michaelcoteau.onmpp.ca/
88994,Julie Dabrusin,x,juliedabrusin
88994,Julie Dabrusin,facebook,JulieDabrusinTorontoDanforth
88994,Julie Dabrusin,instagram,julie_dabrusin
88994,Julie Dabrusin,website,http://jdabrusin.liberal.ca/
122559,Marianne Dandurand,bluesky,madandurand.bsky.social
59325,Don Davies,x,dondavies
59325,Don Davies,x,DonDavies
59325,Don Davies,facebook,DonDaviesNDP
59325,Don Davies,youtube,UC_2jArGmnvzhBDKUy63muGg
59325,Don Davies,website,http://dondavies.ca/
88535,Gérard Deltell,x,gerarddeltell
31098,Sukh Dhaliwal,x,sukhdhaliwal
31098,Sukh Dhaliwal,facebook,sukhsinghdhaliwal
31098,Sukh Dhaliwal,website,http://sdhaliwal.liberal.ca/
88453,Anju Dhillon,x,adhillonDLL
88453,Anju Dhillon,facebook,anjudhillonDLL
89150,Kerry Diotte,x,KerryDiotte
89150,Kerry Diotte,facebook,KerryDiotteEdmontonGriesbach
89150,Kerry Diotte,website,https://www.kerrydiotte.com/
89249,Todd Doherty,x,ToddDohertyMP
89249,Todd Doherty,facebook,ToddDohertyMP
89249,Todd Doherty,instagram,todd_doherty
89249,Todd Doherty,website,https://www.todddoherty.ca/
89408,Jean-Yves Duclos,x,jyduclos
89408,Jean-Yves Duclos,facebook,jyduclosliberal
89408,Jean-Yves Duclos,instagram,jyduclos
89408,Jean-Yves Duclos,youtube,UCK1PFPWs61zASTKSJekYNLA
89408,Jean-Yves Duclos,website,https://jduclos.liberal.ca/
89408,Jean-Yves Duclos,website,https://jduclos.liberal.ca/en/
31119,Terry Duguid,x,TerryDuguid
31119,Terry Duguid,website,http://tduguid.liberal.ca/
88721,Julie Dzerowicz,x,JulieDzerowicz
88721,Julie Dzerowicz,facebook,mpjuliedzerowicz
88721,Julie Dzerowicz,instagram,mpjuliedzerowicz
88721,Julie Dzerowicz,website,http://jdzerowicz.liberal.ca/
89010,Ali Ehsassi,x,aliehsassi
89010,Ali Ehsassi,x,AliEhsassi
89010,Ali Ehsassi,facebook,ali.ehsassi
89010,Ali Ehsassi,instagram,ali.ehsassi
89010,Ali Ehsassi,website,http://aehsassi.liberal.ca/
88515,Fayçal El-Khoury,x,F_ElKhoury
88515,Fayçal El-Khoury,instagram,faycalelkhourymp
88515,Fayçal El-Khoury,website,https://www.faycalel-khoury.com/home
89027,Doug Eyolfson,facebook,DougEyolfson
89027,Doug Eyolfson,instagram,dougeyolfson
89027,Doug Eyolfson,website,http://deyolfson.liberal.ca/
98749,Rosemarie Falk,x,rosemarie_falk
98749,Rosemarie Falk,facebook,RosemarieFalkMP
98749,Rosemarie Falk,instagram,rosemariefalk.mp
98749,Rosemarie Falk,website,https://rosemariefalk.ca
84672,Ted Falk,x,mptedfalk
84672,Ted Falk,x,MPTedFalk
84672,Ted Falk,facebook,TedFalkMP
84672,Ted Falk,instagram,tedfalkmp
84672,Ted Falk,website,http://tedfalk.ca
122850,Bruce Fanjoy,x,brucefanjoy
122850,Bruce Fanjoy,bluesky,brucefanjoy.bsky.social
88478,Greg Fergus,x,GregFergus
88478,Greg Fergus,facebook,GregFergusParl
88478,Greg Fergus,instagram,gregfergus
88478,Greg Fergus,website,http://gfergus.liberal.ca
88323,Darren Fisher,x,darrenfisherns
88323,Darren Fisher,x,DarrenFisherNS
88323,Darren Fisher,facebook,DarrenFisherNS
88323,Darren Fisher,instagram,darrenfisherns
88323,Darren Fisher,website,http://darrenfisher.ca/
71692,Peter Fonseca,x,PeterFonsecaMP
71692,Peter Fonseca,facebook,PeterFonsecaMP
71692,Peter Fonseca,instagram,peterfonsecamp
71692,Peter Fonseca,website,http://peterfonseca.liberal.ca/
96356,Mona Fortier,x,MonaFortier
96356,Mona Fortier,facebook,EquipeTeamMona
96356,Mona Fortier,instagram,monafortier
96356,Mona Fortier,website,http://mfortier.liberal.ca/
88827,Peter Fragiskatos,x,pfragiskatos
88827,Peter Fragiskatos,facebook,pfragiskatos
88827,Peter Fragiskatos,instagram,pfragiskatos
88827,Peter Fragiskatos,website,http://pfragiskatos.liberal.ca/
88316,Sean Fraser,x,SeanFraserMP
88316,Sean Fraser,facebook,SeanFraserMP
88316,Sean Fraser,instagram,seanfrasermp
88316,Sean Fraser,bluesky,seanfraser.bsky.social
88316,Sean Fraser,website,https://seanfrasermp.ca/
1589,Hedy Fry,x,HedyFry
1589,Hedy Fry,facebook,drhedyfry
1589,Hedy Fry,bluesky,hedyfry.bsky.social
1589,Hedy Fry,website,https://www.hedyfry.com
89279,Stephen Fuhr,x,fuhrmp
89279,Stephen Fuhr,x,FuhrMP
89279,Stephen Fuhr,x,StephenFuhr
89279,Stephen Fuhr,facebook,fuhrMP
89279,Stephen Fuhr,website,http://sfuhr.liberal.ca/
1809,Cheryl Gallant,x,cherylgallant
1809,Cheryl Gallant,facebook,CherylGallant
1809,Cheryl Gallant,website,http://cherylgallant.com/
110189,Jean-Denis Garon,instagram,jeandenisgaronbq
110189,Jean-Denis Garon,website,https://jdgaron.quebec/
89226,Garnett Genuis,facebook,Garnett-Genuis-173928532656310
89226,Garnett Genuis,instagram,garnettgenuismp
89226,Garnett Genuis,website,https://www.garnettgenuismp.ca/
88802,Mark Gerretsen,facebook,markgerretsen
88802,Mark Gerretsen,instagram,markgerretsen
88802,Mark Gerretsen,bluesky,markgerretsen.bsky.social
88802,Mark Gerretsen,website,http://mgerretsen.liberal.ca/
88538,Marilène Gill,x,gillmarilene
88538,Marilène Gill,facebook,marilenegill.blocquebecois
88938,Marilyn Gladu,x,mpmarilyngladu
88938,Marilyn Gladu,facebook,MPMarilynGladu
88938,Marilyn Gladu,website,http://marilyngladu.com/
89407,Joël Godin,x,pjcjoelgodin
89407,Joël Godin,facebook,JoelGodinPJC
88715,Karina Gould,x,karinagould
88715,Karina Gould,facebook,karina.gould
88715,Karina Gould,instagram,karinagould
88715,Karina Gould,bluesky,karinagould.bsky.social
88715,Karina Gould,website,http://kgould.liberal.ca/
35397,Jacques Gourde,x,JacquesGourde
35397,Jacques Gourde,facebook,jacquesgourde2015
35397,Jacques Gourde,youtube,UCvZG_pM51UxMuWZMj-bmtvw
35397,Jacques Gourde,website,http://jacquesgourde.ca/
123653,Wade Grant,x,WadeGrant
123653,Wade Grant,instagram,wadegrantvancouver
122492,Mandy Gull-Masty,x,mandyingaround
63908,Bernard Généreux,x,GenereuxBernard
63908,Bernard Généreux,facebook,genereuxbernard
63908,Bernard Généreux,instagram,genereux.bernard
63908,Bernard Généreux,website,https://www.bernardgenereux.ca/
88984,Patty Hajdu,x,PattyHajdu
88984,Patty Hajdu,facebook,PattyHajdu
88984,Patty Hajdu,instagram,pattyhajdu
88984,Patty Hajdu,youtube,UC4djqad7qrEcm2y7ljALC9g
88984,Patty Hajdu,website,https://phajdu.liberal.ca/
88984,Patty Hajdu,website,https://phajdu.liberal.ca/fr/
111109,Brendan Hanley,facebook,drbrendanhanley
111109,Brendan Hanley,instagram,drbrendanhanley
111109,Brendan Hanley,bluesky,drbrendanhanley.bsky.social
110446,Lisa Hepfner,bluesky,lisahepfner.bsky.social
59148,Randy Hoback,x,MPRandyHoback
123382,Corey Hogan,bluesky,coreyhogan.ca
88558,Anthony Housefather,x,AHousefather
88558,Anthony Housefather,facebook,anthonyhousefather
88558,Anthony Housefather,instagram,anthony.housefather
88558,Anthony Housefather,youtube,UC0VkUJeo-HCWoCoLSP1YMNg
88558,Anthony Housefather,website,http://www.housefather.ca/
89020,Ahmed Hussen,x,HonAhmedHussen
89020,Ahmed Hussen,facebook,HonAhmedHussen
89020,Ahmed Hussen,instagram,ahmeddhussen
71337,Angelo Iacono,x,angeloiacono
111116,Lori Idlout,facebook,Idlout4Nunavut
105229,Helena Jaczek,x,HelenaJaczek
105229,Helena Jaczek,facebook,DrHelenaJaczek
105229,Helena Jaczek,instagram,helenajaczek
105229,Helena Jaczek,website,https://www.helenajaczek.liberal.ca/
89167,Matt Jeneroux,instagram,mattjeneroux
89167,Matt Jeneroux,website,http://mattjeneroux.ca/
89263,Gord Johns,x,GordJohns
88384,Mélanie Joly,x,melaniejoly
88384,Mélanie Joly,facebook,melanie.joly.965
88384,Mélanie Joly,instagram,melaniejoly
88384,Mélanie Joly,youtube,UC6e_6DyOlfks8WFzgVCil3w
88384,Mélanie Joly,website,http://mjoly.liberal.ca/en/
110502,Arielle Kayabaga,x,KayabagaArielle
110502,Arielle Kayabaga,instagram,iamaykay
89130,Pat Kelly,x,PatKelly_MP
88849,Iqra Khalid,x,iamIqraKhalid
123625,Ernie Klassen,bluesky,ernieklassen-mp.bsky.social
89136,Tom Kmiec,x,tomkmiec
105009,Annie Koutrakis,x,AnnieKoutrakis
105009,Annie Koutrakis,instagram,annie.koutrakis
89080,Michael Kram,website,https://michaelkrammp.ca
96367,Stephanie Kusie,facebook,stephaniekusiepolitician
89346,Jenny Kwan,x,JennyKwanBC
89346,Jenny Kwan,bluesky,jennykwan.bsky.social
35857,Mike Lake,x,MikeLakeMP
92209,Marie-France Lalonde,x,mflalonde
92209,Marie-France Lalonde,website,http://mariefrancelalonde.onmpp.ca/
96350,Emmanuella Lambropoulos,facebook,emlambropoulos
30552,Kevin Lamoureux,x,Kevin_Lamoureux
110665,Melissa Lantsman,x,MelissaLantsman
110665,Melissa Lantsman,facebook,melissalantsman
110665,Melissa Lantsman,instagram,melissalantsman
88601,Linda Lapointe,x,LapointeLinda
110663,Viviane Lapointe,bluesky,vivianelapointe.bsky.social
104973,Andréanne Larouche,website,https://andreannelarouche.ca/
88394,Stéphane Lauzon,website,http://stephanelauzon.ca/
104630,Sébastien Lemire,x,seblemire
108395,Branden Leslie,website,https://votebranden.ca/
88958,Leslyn Lewis,website,https://www.leslynlewis.ca
88532,Joël Lightbound,website,http://joellightbound.liberal.ca/en/
98079,Dane Lloyd,facebook,dane.lloyd.58
35600,Ben Lobb,x,BenLobbMP
88368,Wayne Long,x,WayneLongSJ
88810,Tim Louis,bluesky,timlouiskitcon.bsky.social
88468,Steven MacKinnon,x,stevenmackinnon
122975,Gaétan Malette,facebook,malette4tjb
88748,James Maloney,website,http://jamesmaloney.liberal.ca/
90964,Danielle Martin,x,docdanielle
2897,Elizabeth May,x,ElizabethMay
2897,Elizabeth May,facebook,ElizabethMayGreenLeader
2897,Elizabeth May,instagram,sgigreens
2897,Elizabeth May,website,https://sgi.edagreens.ca/
89179,Kelly McCauley,x,KellyMcCauleyMP
9486,David McGuinty,x,DavidMcGuinty
122773,Jennifer McKelvie,facebook,McKelvieWard25
122773,Jennifer McKelvie,instagram,mckelvieward25
122773,Jennifer McKelvie,youtube,UCMwwcoYlqhTxTMa5WTldCnw
122773,Jennifer McKelvie,website,https://www.jennifermckelvie.ca/
59293,Ron McKinnon,x,RonMcKinnonLib
105623,Greg McLean,bluesky,gregmcleanyyc.bsky.social
105689,Heather McPherson,x,hmcphersonmp
105689,Heather McPherson,facebook,heathermcphersonndpnpd
105689,Heather McPherson,instagram,heathermacnow
105689,Heather McPherson,youtube,UCy6f16e1S1Zvy7kpQrQ5KGA
105689,Heather McPherson,bluesky,heathermcpherson.bsky.social
105689,Heather McPherson,website,https://www.heathermcpherson.ca
105689,Heather McPherson,website,https://fr.heathermcpherson.ca
58621,Alexandra Mendès,x,AlexandraBrStL
58621,Alexandra Mendès,facebook,AlexandraMendesLiberal2015
58621,Alexandra Mendès,instagram,plcalexandramendeslpc
58621,Alexandra Mendès,website,https://alexandramendes.liberal.ca/
58621,Alexandra Mendès,website,https://alexandramendes.liberal.ca/en/
71762,Costas Menegakis,x,CostasMenegakis
88660,Marc Miller,x,MarcMillerVM
88660,Marc Miller,facebook,MarcMillerVilleMarie
88660,Marc Miller,instagram,marcmillervillemarie
123144,Giovanna Mingarelli,website,https://giovannamingarelli.com/
17210,Rob Moore,x,RobMoore_CPC
122462,David Myles,x,mylesdavid
122462,David Myles,facebook,DavidMylesMusic
122462,David Myles,instagram,davidmyles
122462,David Myles,website,http://www.davidmyles.com/
110572,Yasir Naqvi,x,Yasir_Naqvi
110572,Yasir Naqvi,bluesky,yasirnaqvicdn.bsky.social
110572,Yasir Naqvi,website,https://www.yasirnaqvi.ca
88917,John Nater,x,JohnNaterMP
72023,Taleeb Noormohamed,website,http://taleeb.ca/
58858,Robert Oliphant,bluesky,roboliphant.bsky.social
122375,Tom Osborne,x,TomOsbornePC
71454,Pierre Paul-Hus,x,PierrePaulHus
71454,Pierre Paul-Hus,facebook,pierrepaulhus2015
71454,Pierre Paul-Hus,instagram,pierre_paulhus
71454,Pierre Paul-Hus,youtube,UCsuk9I0EEPvq0pBza0Pi45w
71454,Pierre Paul-Hus,website,http://www.pierrepaul-hus.ca/about/
88418,Yves Perron,instagram,yvesperronbq
88418,Yves Perron,website,https://yvesperron.quebec/
88364,Ginette Petitpas Taylor,x,GinettePT
88364,Ginette Petitpas Taylor,facebook,ginetteptaylor
88364,Ginette Petitpas Taylor,instagram,mrdginettepetitpastaylormp
88364,Ginette Petitpas Taylor,website,https://gpetitpastaylor.liberal.ca/
88364,Ginette Petitpas Taylor,website,https://gpetitpastaylor.liberal.ca/fr/
413,Louis Plamondon,website,https://www.louisplamondon.com/
25524,Pierre Poilievre,x,PierrePoilievre
25524,Pierre Poilievre,facebook,PierrePoilievreMP
25524,Pierre Poilievre,instagram,pierrepoilievremp
25524,Pierre Poilievre,youtube,UCS1xwRtmeaSNhyPhGjJTbFw
25524,Pierre Poilievre,website,https://www.pierre4pm.ca/
1827,Scott Reid,x,ScottReidCPC
71902,Michelle Rempel Garner,x,MichelleRempel
71902,Michelle Rempel Garner,instagram,michellerempel
71902,Michelle Rempel Garner,youtube,UCySf1uJJxjMDryRywEzUR2w
71902,Michelle Rempel Garner,website,http://www.cpcnosehill.ca/
59235,Blake Richards,x,BlakeRichardsMP
123644,Gregor Robertson,x,gregorrobertson
123644,Gregor Robertson,facebook,gregorrobertson
123644,Gregor Robertson,facebook,vancouver.gregor.robertson
123644,Gregor Robertson,instagram,gregor.robertson
123644,Gregor Robertson,website,https://gregorrobertson.liberal.ca/
88521,Sherry Romanado,website,http://sromanado.liberal.ca/
88698,Ruby Sahota,x,rubysahotalib
89339,Randeep Sarai,x,randeepssarai
122533,Abdelhaq Sari,x,sari_ab
25453,Francis Scarpaleggia,x,ScarpaleggiaLSL
25453,Francis Scarpaleggia,website,http://www.scarpaleggia.ca/
25454,Andrew Scheer,x,AndrewScheer
25454,Andrew Scheer,facebook,AndrewScheerMP
25454,Andrew Scheer,instagram,andrewjscheer
25454,Andrew Scheer,youtube,UCPCgtccSU7ZnMVCBXakY_Yw
25454,Andrew Scheer,website,https://www.andrewmp.ca/
88649,Peter Schiefke,x,PeterSchiefke
88649,Peter Schiefke,facebook,PeterSchiefkeLiberal
88649,Peter Schiefke,instagram,peter_schiefke
88649,Peter Schiefke,website,https://pschiefke.liberal.ca/
88770,Jamie Schmale,x,Jamie_Schmale
58841,Kyle Seeback,x,KyleSeeback
88944,Terry Sheehan,x,TerrySheehanMP
105045,Maninder Sidhu,bluesky,manindersidhu.bsky.social
88703,Sonia Sidhu,x,sonialiberal
88703,Sonia Sidhu,x,SoniaLiberal
88703,Sonia Sidhu,facebook,soniasidhuliberal
123229,Evan Solomon,x,evanlsolomon
123229,Evan Solomon,x,EvanLSolomon
123229,Evan Solomon,bluesky,evansolomon.bsky.social
114349,Charles Sousa,website,http://www.charlessousa.ca/
88485,Gabriel Ste-Marie,x,Gabriel_SMarie
88485,Gabriel Ste-Marie,facebook,gabrielsmarie
88485,Gabriel Ste-Marie,instagram,gabrielsmarie
88485,Gabriel Ste-Marie,youtube,UC0fxF0jXYWQRfToACuN7N7w
71986,Mark Strahl,x,markstrahl
71986,Mark Strahl,website,http://www.markstrahl.com/
89198,Shannon Stubbs,x,ShannonStubbsMP
110459,Jenna Sudds,x,JennaSudds
123027,Kristina Tesser Derksen,bluesky,kristinatesser.bsky.social
89200,Rachael Thomas,facebook,RachaelHarderMP
89200,Rachael Thomas,instagram,rachaelthomas.ab
89200,Rachael Thomas,website,https://www.rachaelharder.ca/
88552,Luc Thériault,x,luctheriaultbq
105480,Ryan Turnbull,x,TurnbullWhitby
105480,Ryan Turnbull,bluesky,turnbullwhitby.bsky.social
30645,Tim Uppal,x,TimUppal
71738,Anita Vandenbeld,youtube,UCD_SfzvpVdqBcCOpTsDmVQw
71738,Anita Vandenbeld,bluesky,anitavandenbeld.bsky.social
89211,Arnold Viersen,x,ArnoldViersen
35886,Chris Warkentin,x,chriswarkentin
89084,Kevin Waugh,x,KevinWaugh_CPC
105918,Patrick Weiler,bluesky,patrickbweiler.bsky.social
71323,John Williamson,x,JohnWilliamson_
98747,Jean Yip,x,JeanYip3
98747,Jean Yip,facebook,JeanYip.Scarborough
98747,Jean Yip,website,http://jeanyip.liberal.ca
88950,Salma Zahid,x,SalmaZahid15
88950,Salma Zahid,facebook,salmazahid15
88950,Salma Zahid,instagram,salmazahidmp
72035,Bob Zimmer,x,bobzimmermp
105242,Adam van Koeverden,x,vankayak
105242,Adam van Koeverden,facebook,AdamvanKoeverden
105242,Adam van Koeverden,instagram,avankoeverden
105242,Adam van Koeverden,website,http://www.vankayak.com/
